{
  "Global Quote": {
    "01. symbol": "String",
    "02. open": 0.123456789,
    "03. high": 0.123456789,
    "04. low": 0.123456789,
    "05. price": 0.123456789,
    "06. volume": 0.123456789,
    "07. latest trading day": "1970-01-01",
    "08. previous close": 0.123456789,
    "09. change": 0.123456789,
    "10. change percent": "String"
  }
}